Timestamp;forecast_horizon_1;forecast_horizon_2;forecast_horizon_3;forecast_horizon_4;forecast_horizon_5;forecast_horizon_6;forecast_horizon_7;forecast_horizon_8;forecast_horizon_9;forecast_horizon_10;forecast_horizon_11;forecast_horizon_12;forecast_horizon_13;forecast_horizon_14;forecast_horizon_15;forecast_horizon_16;forecast_horizon_17;forecast_horizon_18;forecast_horizon_19;forecast_horizon_20;forecast_horizon_21;forecast_horizon_22;forecast_horizon_23;forecast_horizon_24;forecast_horizon_25;forecast_horizon_26;forecast_horizon_27;forecast_horizon_28;forecast_horizon_29;forecast_horizon_30;forecast_horizon_31;forecast_horizon_32;forecast_horizon_33;forecast_horizon_34;forecast_horizon_35;forecast_horizon_36;forecast_horizon_37;forecast_horizon_38;forecast_horizon_39;forecast_horizon_40;forecast_horizon_41;forecast_horizon_42;forecast_horizon_43;forecast_horizon_44;forecast_horizon_45;forecast_horizon_46;forecast_horizon_47;forecast_horizon_48
2022-09-01 00;10.1;10.2;10.3;10.4;10.5;10.6;10.7;10.8;10.9;10.10;10.11;10.12;10.13;10.14;10.15;10.16;10.17;10.18;10.19;10.20;10.21;10.22;10.23;10.24;10.25;10.26;10.27;10.28;10.29;10.30;10.31;10.32;10.33;10.34;10.35;10.36;10.37;10.38;10.39;10.40;10.41;10.42;10.43;10.44;10.45;10.46;10.47;10.48
2022-09-01 01;11.1;11.2;11.3;11.4;11.5;11.6;11.7;11.8;11.9;11.10;11.11;11.12;11.13;11.14;11.15;11.16;11.17;11.18;11.19;11.20;11.21;11.22;11.23;11.24;11.25;11.26;11.27;11.28;11.29;11.30;11.31;11.32;11.33;11.34;11.35;11.36;11.37;11.38;11.39;11.40;11.41;11.42;11.43;11.44;11.45;11.46;11.47;11.48
2022-09-01 02;12.1;12.2;12.3;12.4;12.5;12.6;12.7;12.8;12.9;12.10;12.11;12.12;12.13;12.14;12.15;12.16;12.17;12.18;12.19;12.20;12.21;12.22;12.23;12.24;12.25;12.26;12.27;12.28;12.29;12.30;12.31;12.32;12.33;12.34;12.35;12.36;12.37;12.38;12.39;12.40;12.41;12.42;12.43;12.44;12.45;12.46;12.47;12.48
2022-09-01 03;13.1;13.2;13.3;13.4;13.5;13.6;13.7;13.8;13.9;13.10;13.11;13.12;13.13;13.14;13.15;13.16;13.17;13.18;13.19;13.20;13.21;13.22;13.23;13.24;13.25;13.26;13.27;13.28;13.29;13.30;13.31;13.32;13.33;13.34;13.35;13.36;13.37;13.38;13.39;13.40;13.41;13.42;13.43;13.44;13.45;13.46;13.47;13.48
2022-09-01 04;14.1;14.2;14.3;14.4;14.5;14.6;14.7;14.8;14.9;14.10;14.11;14.12;14.13;14.14;14.15;14.16;14.17;14.18;14.19;14.20;14.21;14.22;14.23;14.24;14.25;14.26;14.27;14.28;14.29;14.30;14.31;14.32;14.33;14.34;14.35;14.36;14.37;14.38;14.39;14.40;14.41;14.42;14.43;14.44;14.45;14.46;14.47;14.48
2022-09-01 05;15.1;15.2;15.3;15.4;15.5;15.6;15.7;15.8;15.9;15.10;15.11;15.12;15.13;15.14;15.15;15.16;15.17;15.18;15.19;15.20;15.21;15.22;15.23;15.24;15.25;15.26;15.27;15.28;15.29;15.30;15.31;15.32;15.33;15.34;15.35;15.36;15.37;15.38;15.39;15.40;15.41;15.42;15.43;15.44;15.45;15.46;15.47;15.48
2022-09-01 06;16.1;16.2;16.3;16.4;16.5;16.6;16.7;16.8;16.9;16.10;16.11;16.12;16.13;16.14;16.15;16.16;16.17;16.18;16.19;16.20;16.21;16.22;16.23;16.24;16.25;16.26;16.27;16.28;16.29;16.30;16.31;16.32;16.33;16.34;16.35;16.36;16.37;16.38;16.39;16.40;16.41;16.42;16.43;16.44;16.45;16.46;16.47;16.48
2022-09-01 07;17.1;17.2;17.3;17.4;17.5;17.6;17.7;17.8;17.9;17.10;17.11;17.12;17.13;17.14;17.15;17.16;17.17;17.18;17.19;17.20;17.21;17.22;17.23;17.24;17.25;17.26;17.27;17.28;17.29;17.30;17.31;17.32;17.33;17.34;17.35;17.36;17.37;17.38;17.39;17.40;17.41;17.42;17.43;17.44;17.45;17.46;17.47;17.48
2022-09-01 08;18.1;18.2;18.3;18.4;18.5;18.6;18.7;18.8;18.9;18.10;18.11;18.12;18.13;18.14;18.15;18.16;18.17;18.18;18.19;18.20;18.21;18.22;18.23;18.24;18.25;18.26;18.27;18.28;18.29;18.30;18.31;18.32;18.33;18.34;18.35;18.36;18.37;18.38;18.39;18.40;18.41;18.42;18.43;18.44;18.45;18.46;18.47;18.48
